price_per_commodity,product,location,email,max_capacity,contact,delivery_time( num of days),Business_id
$70.43,Grocery,Alabama,bwahncke0@who.int,3900,205-976-6236,24,1
$4388.55,Garden,California,elamas1@mapquest.com,221,951-821-1924,30,2
$2713.52,Toys,Alabama,epetyanin2@freewebs.com,597,205-974-1268,7,3
$4162.22,Tools,Florida,rshalliker3@bing.com,1320,561-950-9863,16,4
$624.26,Health,Ohio,estiegar4@mail.ru,3752,440-631-5301,23,5
$3828.96,Electronics,California,stomkies5@irs.gov,3286,831-698-6602,3,6
$2551.48,Music,California,jlighton6@nsw.gov.au,1045,714-321-4104,2,7
$2165.37,Sports,Ohio,ehaskins7@wix.com,4676,513-286-0166,17,8
$4110.31,Outdoors,Ohio,abilofsky8@about.me,4803,440-608-8168,28,9
$382.22,Jewelry,Florida,hizkovitz9@wiley.com,4985,850-192-2611,26,10
$409.43,Outdoors,Alabama,nrichardesa@latimes.com,3467,334-772-7061,20,11
$291.84,Music,Connecticut,afosbraeyb@bravesites.com,3304,203-530-7927,22,12
$1019.10,Jewelry,Kansas,tmarquessc@examiner.com,1290,913-636-0110,1,13
$4555.75,Health,Alabama,dkillelead@dyndns.org,4033,205-317-8428,11,14
$1207.03,Sports,Florida,sbowe@gravatar.com,724,321-787-8896,30,15
$1015.29,Computers,Florida,lguillondf@miitbeian.gov.cn,682,850-272-4522,14,16
$1677.69,Industrial,North Carolina,cblamphing@springer.com,562,336-537-5599,14,17
$1521.89,Tools,California,bmangeoth@earthlink.net,1535,323-834-7868,22,18
$4999.28,Computers,California,twoloschini@oracle.com,2910,415-288-5622,5,19
$4235.10,Kids,California,dmalecj@meetup.com,4945,858-853-7953,14,20
$2235.90,Beauty,Florida,lbarwickk@businesswire.com,2944,305-234-0917,2,21
$4174.01,Beauty,Kansas,tcorkell@ucla.edu,3139,316-947-6947,6,22
$481.23,Baby,North Carolina,zskarmanm@springer.com,3252,910-302-9439,9,23
$4565.27,Industrial,Alabama,gkolodziejn@walmart.com,951,256-868-9726,22,24
$2125.43,Sports,Connecticut,odarragono@unicef.org,292,203-396-1539,2,25
$649.11,Shoes,Pennsylvania,svescovop@google.de,2276,484-351-3322,22,26
$971.94,Beauty,California,jcorneliusq@sfgate.com,4249,714-530-0495,8,27
$3489.08,Music,Wisconsin,pransomer@flavors.me,2333,920-941-8121,13,28
$3310.68,Music,Ohio,fbriarss@pinterest.com,332,419-758-1881,24,29
$3124.81,Clothing,California,ccopestickt@noaa.gov,3390,916-841-5393,20,30
$2223.76,Health,Ohio,dbrooksu@psu.edu,1738,216-628-8013,8,31
$4563.10,Industrial,Florida,opendridv@twitpic.com,4174,813-555-0240,10,32
$1187.75,Industrial,California,cbartolomucciw@cbc.ca,3847,951-832-7354,2,33
$1929.59,Baby,California,smiskenx@printfriendly.com,2043,310-603-3059,10,34
$2290.74,Books,Florida,mstolly@arizona.edu,2114,941-441-3838,12,35
$3117.69,Music,North Carolina,ebezleyz@canalblog.com,1601,828-266-9073,24,36
$3286.91,Automotive,Connecticut,hcockaday10@theglobeandmail.com,4058,860-649-3757,9,37
$1832.93,Sports,Florida,ghurdle11@mail.ru,487,863-191-5852,25,38
$4898.96,Baby,California,mhudspeth12@de.vu,899,559-542-1603,29,39
$184.64,Tools,California,zlornsen13@microsoft.com,3202,213-519-1989,28,40
$129.97,Kids,Kansas,ehechlin14@sourceforge.net,2463,316-938-8997,25,41
$2587.15,Beauty,North Carolina,vgoodred15@flavors.me,4973,336-467-3047,16,42
$462.83,Toys,North Carolina,bpopov16@ft.com,2290,910-551-4449,25,43
$2048.53,Garden,California,eceyssen17@bigcartel.com,1095,408-712-3359,2,44
$484.96,Home,California,tiggulden18@1688.com,3501,916-930-9124,17,45
$2744.57,Baby,North Carolina,abardsley19@epa.gov,1847,910-329-9554,14,46
$1714.85,Games,Florida,asnare1a@zdnet.com,4513,941-698-1440,26,47
$1080.03,Beauty,California,nbroderick1b@ebay.co.uk,4217,619-362-8642,23,48
$1793.78,Electronics,California,blambin1c@altervista.org,2980,510-384-4911,3,49
$4918.61,Movies,Pennsylvania,fcawson1d@e-recht24.de,3397,717-365-7117,24,50
$1010.81,Clothing,Alabama,wmcilrath1e@tuttocitta.it,258,205-745-5818,9,51
$3226.19,Health,Kansas,blarose1f@drupal.org,43,913-443-8547,12,52
$443.08,Garden,Florida,lmomford1g@tinyurl.com,3609,941-271-8800,12,53
$2062.97,Movies,Florida,cjansey1h@mysql.com,3079,305-954-8754,17,54
$2510.17,Sports,Kansas,blorinez1i@blogs.com,1123,316-977-2186,27,55
$4150.43,Kids,Wisconsin,emeco1j@over-blog.com,2208,262-274-0434,5,56
$1512.83,Outdoors,Florida,wjinks1k@yale.edu,4064,407-400-4336,30,57
$4742.28,Clothing,Florida,favramovsky1l@sakura.ne.jp,2731,863-844-9671,13,58
$4532.00,Toys,California,gkidsley1m@springer.com,3973,619-969-6248,7,59
$4818.42,Outdoors,Florida,jranyard1n@archive.org,1545,305-648-9358,18,60
$3181.41,Garden,Florida,nfoulser1o@columbia.edu,11,904-307-9568,10,61
$4947.44,Beauty,Florida,rcupitt1p@ucoz.com,3868,904-670-7243,29,62
$193.51,Sports,North Carolina,estaunton1q@deviantart.com,727,704-160-5914,24,63
$4054.84,Outdoors,Pennsylvania,dbraniff1r@cyberchimps.com,3141,215-351-2620,4,64
$4642.00,Industrial,Alabama,njoska1s@qq.com,3970,205-327-9590,28,65
$1376.78,Beauty,Pennsylvania,lbrogiotti1t@naver.com,2879,484-257-0618,23,66
$4081.89,Tools,California,ncraw1u@timesonline.co.uk,1738,916-272-8304,11,67
$4684.55,Grocery,California,vsmeath1v@usnews.com,2170,510-814-6678,27,68
$2301.03,Toys,Ohio,bgallahue1w@vkontakte.ru,4445,937-411-7142,14,69
$384.10,Jewelry,Wisconsin,alehon1x@pbs.org,1565,414-929-5861,12,70
$3921.40,Clothing,Wisconsin,jpury1y@macromedia.com,2279,414-160-4743,15,71
$1277.65,Health,Ohio,sgoodbarne1z@vistaprint.com,743,614-408-0117,14,72
$1007.30,Home,California,fweddeburnscrimgeour20@issuu.com,3218,650-113-1330,21,73
$3793.80,Automotive,Ohio,sgodar21@gravatar.com,191,614-992-9122,7,74
$2115.79,Baby,California,tchidwick22@economist.com,3684,213-615-6877,27,75
$1202.83,Health,Kansas,jtowndrow23@admin.ch,812,316-187-8207,28,76
$1869.21,Books,Ohio,cbater24@go.com,77,216-329-3156,1,77
$3929.36,Health,Florida,srysdale25@omniture.com,1304,786-730-9164,4,78
$1197.55,Sports,California,mbineham26@stumbleupon.com,3816,909-412-5491,11,79
$3140.36,Books,Alabama,mmorden27@chronoengine.com,3334,334-515-1324,1,80
$2863.63,Books,California,pjans28@myspace.com,1188,213-806-6199,10,81
$2098.46,Computers,Florida,ctallant29@amazon.co.jp,3544,727-410-8774,24,82
$4229.88,Electronics,California,fkeuneke2a@columbia.edu,4294,415-911-2199,5,83
$3809.33,Electronics,Florida,japplegate2b@cnbc.com,3820,904-822-4166,26,84
$1345.08,Music,Wisconsin,hjuggins2c@mit.edu,1704,414-493-7920,30,85
$4749.72,Grocery,California,wacomb2d@state.tx.us,3324,626-167-8858,17,86
$3344.46,Computers,Kansas,agrocott2e@skype.com,366,316-494-2441,16,87
$172.72,Health,California,bsieb2f@dropbox.com,2339,213-285-2659,11,88
$1626.55,Jewelry,California,mshreve2g@addtoany.com,2727,310-383-6202,21,89
$4841.46,Outdoors,Florida,wmoxham2h@wufoo.com,414,941-444-0931,27,90
$3481.53,Home,California,vbowmen2i@meetup.com,2661,323-777-1303,29,91
$951.65,Games,Alabama,kmaccafferky2j@dion.ne.jp,3387,251-768-6642,15,92
$2885.82,Jewelry,Florida,adyke2k@example.com,3297,754-115-9761,25,93
$4276.76,Games,Kansas,dturnpenny2l@istockphoto.com,4984,816-142-3042,25,94
$3108.52,Shoes,California,kpetracek2m@sciencedaily.com,965,559-828-1681,5,95
$321.38,Grocery,Wisconsin,dcase2n@123-reg.co.uk,2990,608-382-8530,18,96
$3986.77,Kids,California,lcrumbleholme2o@reverbnation.com,420,510-288-0000,26,97
$1977.94,Electronics,Alabama,kpadillo2p@wix.com,4873,256-684-2262,26,98
$4920.83,Clothing,California,splampin2q@mit.edu,3229,209-758-6141,6,99
$1795.94,Grocery,Kansas,ctargett2r@answers.com,2047,316-258-5495,1,100
$1185.82,Automotive,Florida,pchampion2s@de.vu,2207,954-191-0549,23,101
$2469.22,Automotive,California,hhamor2t@walmart.com,1919,626-968-7065,14,102
$1299.14,Tools,New Jersey,rfulloway2u@hostgator.com,1812,201-241-3839,27,103
$4173.26,Garden,California,hasker2v@bandcamp.com,3015,415-332-3452,14,104
$3666.80,Computers,Connecticut,qbloxsome2w@earthlink.net,2132,860-641-0300,18,105
$3844.17,Movies,California,sjoret2x@gnu.org,1732,858-383-6768,20,106
$2953.10,Beauty,Florida,cetches2y@stumbleupon.com,1852,772-711-7273,24,107
$4428.80,Home,Florida,pjerrome2z@nbcnews.com,3748,904-148-4524,23,108
$2421.85,Beauty,Florida,atibbotts30@google.es,4144,941-790-9830,28,109
$3902.52,Books,Florida,bphoebe31@miitbeian.gov.cn,679,754-499-2834,1,110
$4357.90,Games,California,mstidston32@discuz.net,3044,408-202-8625,17,111
$298.20,Electronics,California,sryson33@theguardian.com,3123,209-126-2423,18,112
$4278.06,Garden,California,cdoe34@dion.ne.jp,885,559-792-5012,19,113
$1765.28,Outdoors,Florida,amalloy35@scribd.com,3609,850-815-1733,22,114
$3182.96,Beauty,North Carolina,bnathan36@i2i.jp,3531,919-347-1790,13,115
$3396.34,Industrial,Ohio,dwinsiowiecki37@cafepress.com,1054,513-914-2581,18,116
$4953.82,Automotive,California,pprater38@buzzfeed.com,3860,714-962-6366,17,117
$3913.77,Toys,California,dgeake39@ibm.com,1072,510-674-0862,10,118
$4066.80,Outdoors,California,hoaker3a@posterous.com,2410,619-904-1786,17,119
$1116.35,Jewelry,Ohio,jlyttle3b@mtv.com,1348,440-153-3795,22,120
$4855.61,Automotive,Florida,curwin3c@usgs.gov,3694,561-860-7690,5,121
$2913.04,Outdoors,Connecticut,ioverel3d@baidu.com,1227,203-755-7995,20,122
$457.31,Books,California,hilett3e@upenn.edu,2197,559-119-2973,30,123
$3925.96,Beauty,Pennsylvania,jvickery3f@yale.edu,1811,814-967-7225,28,124
$728.45,Movies,California,tgallagher3g@dailymail.co.uk,4322,818-118-4054,27,125
$2987.73,Sports,Wisconsin,kstreeting3h@ebay.com,2934,262-156-7444,14,126
$3469.14,Books,Pennsylvania,cburnell3i@com.com,1469,215-631-1620,7,127
$1071.82,Jewelry,California,jthal3j@shinystat.com,462,714-469-2020,10,128
$2589.75,Games,Florida,blevensky3k@aboutads.info,4676,772-390-5105,2,129
$4098.20,Books,Alabama,hgarman3l@discuz.net,1979,334-977-6559,9,130
$2425.06,Computers,Connecticut,blightbourne3m@un.org,761,860-100-7782,12,131
$4395.06,Music,North Carolina,nraiker3n@booking.com,4378,704-240-8124,14,132
$1370.40,Computers,Florida,hcompson3o@squarespace.com,4126,813-610-2375,22,133
$1824.10,Games,Alabama,moflaherty3p@lycos.com,2020,251-554-5351,3,134
$2841.01,Games,Ohio,bstreatfield3q@plala.or.jp,1545,614-531-4399,18,135
$2089.21,Electronics,Alabama,abarents3r@acquirethisname.com,4791,205-666-1417,21,136
$4373.78,Beauty,Pennsylvania,dblakden3s@sitemeter.com,3677,215-894-4366,4,137
$1137.72,Grocery,California,avalentine3t@hatena.ne.jp,2922,562-747-7388,18,138
$1671.77,Shoes,Ohio,jdrew3u@eepurl.com,3184,513-278-7219,6,139
$1439.51,Books,California,amckerron3v@yahoo.com,4324,310-924-9626,29,140
$4396.23,Grocery,California,bclemmitt3w@mozilla.org,1915,209-251-4432,25,141
$3202.77,Kids,Pennsylvania,dpikesley3x@deliciousdays.com,343,412-362-5440,16,142
$633.05,Industrial,Florida,ijopson3y@shop-pro.jp,2224,850-457-1702,30,143
$646.67,Jewelry,Florida,ibrevetor3z@topsy.com,649,352-559-7402,10,144
$2611.82,Industrial,Alabama,okemson40@addtoany.com,642,205-167-4503,14,145
$4726.58,Baby,Ohio,tboarer41@google.it,3907,330-977-2643,9,146
$2717.26,Books,California,sburnside42@quantcast.com,1625,408-644-4212,20,147
$579.35,Garden,Alabama,kvlahos43@imdb.com,56,251-723-7443,11,148
$2502.38,Automotive,Connecticut,cmabone44@ycombinator.com,2668,203-620-5858,20,149
$2030.34,Shoes,Alabama,mdepke45@seattletimes.com,1091,334-351-5018,10,150
$2485.65,Garden,Florida,gsimakov46@hatena.ne.jp,130,772-455-3434,8,151
$4950.74,Tools,New Jersey,agreenless47@gizmodo.com,128,609-593-1550,15,152
$1752.54,Clothing,California,dtoye48@weebly.com,1538,916-323-4873,25,153
$454.23,Music,California,vchill49@utexas.edu,2877,714-556-5680,26,154
$1154.96,Electronics,Alabama,rfarrimond4a@telegraph.co.uk,680,205-198-0082,22,155
$2525.73,Garden,California,gcawsey4b@washingtonpost.com,2722,408-329-4664,14,156
$2483.70,Automotive,Alabama,nberryann4c@auda.org.au,1237,205-499-8924,1,157
$982.07,Home,Pennsylvania,acoulthard4d@noaa.gov,2424,412-377-7205,14,158
$3371.10,Outdoors,California,jsauven4e@artisteer.com,2568,559-957-6947,29,159
$3454.46,Beauty,California,wgrafton4f@51.la,2910,415-248-5056,2,160
$16.27,Home,North Carolina,bstansfield4g@prlog.org,3308,919-266-7095,8,161
$2516.86,Health,California,jivankovic4h@weather.com,3801,714-684-3681,18,162
$186.88,Baby,California,dnestoruk4i@instagram.com,4205,916-347-8732,21,163
$3393.01,Tools,Pennsylvania,ajirak4j@hud.gov,4574,215-527-4953,5,164
$3004.48,Garden,California,mvanyushkin4k@upenn.edu,3260,323-415-9231,5,165
$1.59,Home,Alabama,amatokhnin4l@sitemeter.com,3674,205-639-2710,6,166
$4860.09,Movies,Alabama,wchilley4m@china.com.cn,948,251-875-9578,29,167
$1335.46,Movies,Florida,ccellone4n@amazon.de,1224,786-381-6027,1,168
$4089.55,Movies,Pennsylvania,kcargon4o@google.co.jp,431,724-656-9238,10,169
$2283.80,Home,Kansas,lgascoigne4p@theglobeandmail.com,4231,785-269-0746,21,170
$2453.86,Computers,California,wcasel4q@springer.com,915,714-804-8590,26,171
$3532.66,Clothing,California,rcotman4r@dion.ne.jp,2961,213-365-2899,10,172
$2050.15,Health,Florida,treitenbach4s@msn.com,669,941-298-7355,5,173
$350.66,Outdoors,Florida,iklementz4t@altervista.org,1770,754-690-3106,26,174
$1514.84,Books,California,bbrewitt4u@dion.ne.jp,4926,619-282-3017,9,175
$314.85,Jewelry,Ohio,ibullent4v@narod.ru,4937,513-559-7410,13,176
$1901.38,Home,Kansas,abrambell4w@mapquest.com,1365,816-698-8496,25,177
$3920.37,Movies,California,mmccloughen4x@cyberchimps.com,2800,619-850-0858,2,178
$2495.33,Games,Pennsylvania,fbevan4y@liveinternet.ru,744,570-127-6554,2,179
$1840.15,Kids,Florida,dhirsthouse4z@ucoz.ru,3847,813-402-5337,28,180
$508.18,Books,Pennsylvania,gaspall50@japanpost.jp,2645,610-649-7763,2,181
$3757.66,Outdoors,California,ishernock51@ftc.gov,4966,415-924-4237,7,182
$2461.75,Health,Alabama,tgives52@va.gov,2012,334-684-8447,12,183
$484.38,Movies,North Carolina,ftennet53@ft.com,2416,910-507-3364,2,184
$1484.94,Movies,Alabama,ffay54@gov.uk,1992,251-195-0513,1,185
$3529.98,Outdoors,California,bschwartz55@amazon.com,4335,559-215-0598,1,186
$806.59,Clothing,Ohio,theinzler56@dion.ne.jp,4725,330-420-7543,14,187
$1420.43,Jewelry,Florida,opeggs57@redcross.org,3078,407-451-0753,11,188
$2333.24,Outdoors,Kansas,pcollison58@tinyurl.com,3724,316-198-8798,15,189
$1078.00,Electronics,Pennsylvania,tstrathe59@illinois.edu,2955,724-730-0574,8,190
$3825.78,Books,Florida,cjosifovitz5a@gravatar.com,4455,941-138-7142,29,191
$2866.15,Home,California,knewberry5b@goo.gl,1416,760-651-7376,24,192
$848.81,Health,California,amatthewson5c@wikimedia.org,3058,760-259-8060,5,193
$4800.30,Books,California,lschubert5d@bing.com,2350,213-393-5194,17,194
$4540.17,Games,Florida,lbidgood5e@goodreads.com,649,941-763-6317,8,195
$4927.38,Kids,Florida,oblogg5f@elpais.com,3046,407-379-3893,8,196
$1932.32,Automotive,Florida,prestall5g@theglobeandmail.com,261,305-794-6889,1,197
$2536.13,Music,Alabama,skettleson5h@prlog.org,4362,205-453-1979,22,198
$3484.36,Books,Pennsylvania,jculmer5i@nba.com,1407,215-216-8187,24,199
$847.45,Music,Wisconsin,toxx5j@timesonline.co.uk,4477,414-483-9859,16,200
$1170.73,Electronics,North Carolina,jpinching5k@salon.com,2194,919-347-4395,8,201
$515.74,Tools,Pennsylvania,rgiacoboni5l@1688.com,1055,412-870-8393,25,202
$238.94,Garden,California,jfitzpayn5m@toplist.cz,225,408-262-1157,28,203
$3978.36,Sports,California,hperrins5n@sbwire.com,4164,858-108-7694,9,204
$3685.06,Kids,Alabama,ngaspero5o@springer.com,4287,334-970-1593,21,205
$4096.69,Beauty,California,sbendare5p@usa.gov,3271,559-977-8812,24,206
$4733.42,Sports,Florida,imothersdale5q@redcross.org,3044,941-665-4540,16,207
$2956.37,Electronics,Florida,thogbourne5r@privacy.gov.au,3754,727-737-8930,7,208
$1851.59,Electronics,Florida,hwainscot5s@opensource.org,4702,239-885-4415,30,209
$237.80,Garden,Florida,bbetham5t@wisc.edu,3579,772-939-8287,28,210
$1715.46,Automotive,New Jersey,mwellfare5u@1688.com,4496,609-868-1122,12,211
$2310.78,Sports,Florida,lgors5v@ucsd.edu,1791,561-410-9403,19,212
$3705.28,Jewelry,California,dsquirrell5w@house.gov,2892,818-283-1090,13,213
$2110.08,Music,Pennsylvania,gdanilowicz5x@yelp.com,4761,570-487-6523,19,214
$1614.82,Movies,Ohio,atumilty5y@epa.gov,4781,419-439-7626,13,215
$1512.86,Clothing,Kansas,pstinson5z@theguardian.com,89,785-775-0032,30,216
$3032.77,Grocery,Pennsylvania,glogan60@jugem.jp,1609,570-963-0144,2,217
$952.15,Industrial,Pennsylvania,aburkwood61@blogtalkradio.com,1970,215-959-1682,7,218
$1746.29,Home,California,rpenhaligon62@soup.io,2448,707-322-9768,4,219
$4287.65,Automotive,Pennsylvania,tcaddens63@free.fr,1010,215-922-6563,21,220
$4003.05,Outdoors,California,kginnety64@bloglovin.com,2812,310-286-0891,19,221
$204.10,Movies,Connecticut,rdecourt65@livejournal.com,954,203-676-0723,28,222
$2279.28,Music,Florida,cbasant66@apache.org,4783,407-678-7056,8,223
$3954.15,Health,Ohio,efere67@businesswire.com,1383,330-661-7569,13,224
$2373.43,Movies,California,dfarran68@cbslocal.com,3524,805-674-1716,23,225
$3379.76,Health,California,ckillingworth69@businessweek.com,3106,619-664-1375,9,226
$3214.67,Sports,California,mbiggerdike6a@drupal.org,1059,619-481-1533,14,227
$1333.01,Games,Wisconsin,tpashley6b@istockphoto.com,2025,608-812-4786,27,228
$1593.84,Beauty,California,myegorshin6c@hugedomains.com,3658,310-225-2964,25,229
$40.49,Garden,Florida,mollivier6d@senate.gov,714,561-742-4281,15,230
$2829.65,Grocery,Florida,textence6e@ebay.co.uk,3266,305-151-3066,19,231
$2615.59,Electronics,Ohio,gcreboe6f@sciencedaily.com,3010,440-951-3161,19,232
$1932.27,Beauty,Pennsylvania,aberkeley6g@shinystat.com,3087,570-827-7966,20,233
$3965.10,Shoes,North Carolina,lbufton6h@google.es,468,336-895-3377,7,234
$4081.11,Kids,Florida,pkilbane6i@miitbeian.gov.cn,1182,561-948-0485,7,235
$2248.56,Tools,Ohio,qdowry6j@macromedia.com,4374,419-668-3251,19,236
$3324.86,Music,California,obleiman6k@themeforest.net,3865,408-962-5535,26,237
$4363.23,Movies,Kansas,mpetrovsky6l@google.ru,2812,316-900-0712,21,238
$188.95,Industrial,California,wdewi6m@marketwatch.com,781,408-716-2831,23,239
$1942.94,Kids,Florida,gmoro6n@newyorker.com,4419,954-452-9162,25,240
$1789.00,Jewelry,Ohio,gloddon6o@goo.gl,4434,419-223-7117,3,241
$4419.04,Movies,Florida,enadin6p@nba.com,194,772-300-9482,5,242
$4827.93,Tools,Ohio,ityndall6q@nba.com,2485,614-492-8328,23,243
$2332.39,Clothing,Ohio,ebilborough6r@nps.gov,2577,440-799-7388,28,244
$1475.37,Clothing,Pennsylvania,dmarthen6s@jalbum.net,1107,610-405-2437,8,245
$3726.27,Books,California,gnockells6t@ox.ac.uk,3829,626-989-2346,7,246
$351.44,Home,North Carolina,mroddick6u@imdb.com,3924,336-558-7518,1,247
$1084.13,Electronics,Pennsylvania,sbubbear6v@about.me,840,412-693-2454,12,248
$2942.77,Books,Florida,jstockall6w@imdb.com,1212,305-277-1429,17,249
$3684.31,Industrial,North Carolina,chayton6x@angelfire.com,907,919-157-3550,25,250
$3556.07,Kids,California,aslatcher6y@slideshare.net,2523,760-279-4511,14,251
$1694.02,Industrial,Pennsylvania,bedridge6z@elpais.com,3546,215-294-9407,27,252
$2548.75,Games,Pennsylvania,atappington70@apache.org,14,267-124-8353,19,253
$142.67,Jewelry,Ohio,sstranks71@nytimes.com,4525,216-874-9822,15,254
$3584.02,Industrial,Florida,wdemangel72@ihg.com,1950,352-290-3364,5,255
$1363.10,Baby,California,abiggadike73@deliciousdays.com,4987,805-585-1969,11,256
$1401.52,Jewelry,Florida,ebaroche74@nasa.gov,3177,772-575-1948,6,257
$84.16,Kids,California,slindsell75@huffingtonpost.com,1586,415-712-3479,17,258
$155.18,Industrial,Ohio,dmaggiore76@symantec.com,1329,419-294-6056,22,259
$184.23,Kids,Pennsylvania,dlosebie77@bloglovin.com,2953,717-674-7452,19,260
$1531.92,Books,New Jersey,mglentworth78@home.pl,3204,862-158-0487,30,261
$3406.06,Garden,California,ifarlane79@elpais.com,1215,949-663-6046,24,262
$572.33,Shoes,Florida,djelphs7a@homestead.com,2741,904-443-7651,22,263
$4144.17,Sports,California,gvoase7b@over-blog.com,1992,510-591-2693,6,264
$1383.58,Automotive,Florida,rnelthorpe7c@cocolog-nifty.com,568,904-538-7397,16,265
$3405.30,Jewelry,California,hbernette7d@army.mil,4182,310-338-9856,25,266
$3909.35,Beauty,California,nlilie7e@zdnet.com,1437,626-588-9883,27,267
$3244.80,Games,New Jersey,ybundy7f@instagram.com,1644,201-485-1936,8,268
$1631.66,Automotive,North Carolina,dcoundley7g@flavors.me,4473,336-392-0630,8,269
$4121.94,Kids,North Carolina,khadwen7h@amazon.de,4566,336-950-0449,10,270
$4681.77,Tools,North Carolina,slightwing7i@jugem.jp,696,919-661-5882,22,271
$2654.47,Clothing,Florida,ajaqueme7j@mail.ru,238,407-280-7695,6,272
$4567.47,Tools,California,sswinyard7k@archive.org,3923,760-719-6289,26,273
$1521.90,Tools,California,mlampe7l@washingtonpost.com,1141,805-445-6419,1,274
$1484.29,Jewelry,Florida,cworsfold7m@opera.com,4475,786-133-5738,13,275
$796.68,Electronics,North Carolina,rclaasen7n@webeden.co.uk,4506,336-321-6392,22,276
$4599.11,Industrial,Pennsylvania,ktsarovic7o@bravesites.com,840,717-348-4688,22,277
$702.03,Industrial,Ohio,lhullot7p@virginia.edu,4782,513-364-7135,17,278
$2649.29,Shoes,California,jsilcox7q@printfriendly.com,2953,916-917-4572,11,279
$3425.79,Grocery,California,aoakinfold7r@telegraph.co.uk,4130,408-444-2085,20,280
$2884.39,Baby,California,ebehnecke7s@bloomberg.com,3233,559-423-8846,26,281
$1537.37,Outdoors,Ohio,ccollison7t@theguardian.com,3584,513-543-2240,15,282
$4819.80,Shoes,Kansas,bjan7u@squarespace.com,716,785-695-6365,10,283
$4351.07,Clothing,California,kwhight7v@google.co.uk,3154,323-569-6533,8,284
$1930.28,Garden,California,gcawt7w@merriam-webster.com,321,213-857-3415,30,285
$4252.59,Industrial,New Jersey,cpiper7x@quantcast.com,4892,973-415-3794,2,286
$975.76,Garden,California,mtolchard7y@acquirethisname.com,4644,510-345-1739,24,287
$3965.01,Garden,California,jkitchaside7z@nyu.edu,267,559-111-8398,19,288
$2319.89,Tools,California,pege80@slashdot.org,2321,209-134-5022,8,289
$216.75,Clothing,Ohio,mholborn81@seattletimes.com,2849,513-353-1840,2,290
$2517.52,Clothing,New Jersey,mjillins82@yahoo.co.jp,3902,609-186-7800,16,291
$3378.06,Sports,Kansas,nbaine83@ebay.co.uk,3854,316-964-5121,15,292
$294.51,Garden,Florida,cgarrelts84@themeforest.net,3541,239-554-5266,25,293
$1123.36,Clothing,Pennsylvania,rciubutaro85@uiuc.edu,23,717-117-6669,5,294
$12.14,Books,Florida,lmil86@blog.com,1002,904-967-6473,18,295
$4364.90,Garden,North Carolina,fgrundey87@reverbnation.com,4686,910-814-1312,27,296
$4243.19,Music,Florida,iblaasch88@stanford.edu,278,305-940-6356,2,297
$2588.71,Shoes,Ohio,sbattany89@yellowpages.com,3246,513-271-7992,11,298
$3820.55,Shoes,California,tmcilharga8a@guardian.co.uk,2002,559-107-2537,4,299
$3815.08,Beauty,Florida,pheck8b@elegantthemes.com,391,352-823-9689,20,300
$1809.99,Movies,California,mharraway8c@twitter.com,542,310-283-1384,17,301
$4041.64,Baby,Pennsylvania,nvahl8d@symantec.com,1489,570-856-0108,28,302
$738.76,Sports,California,ksisland8e@surveymonkey.com,3746,909-475-3093,3,303
$716.11,Baby,Ohio,rjelf8f@github.com,143,513-385-1058,29,304
$3840.07,Grocery,Pennsylvania,ckensett8g@hostgator.com,2749,215-712-4989,14,305
$4930.13,Health,Connecticut,klemme8h@usatoday.com,3924,203-803-9864,21,306
$2984.63,Movies,Pennsylvania,ggentry8i@elegantthemes.com,4920,717-461-4461,13,307
$4280.95,Toys,Alabama,acleaves8j@webeden.co.uk,989,334-312-8239,22,308
$2199.12,Books,North Carolina,grodd8k@senate.gov,868,919-270-2435,3,309
$2407.14,Games,California,tburgise8l@a8.net,2083,559-872-2724,2,310
$2118.61,Games,Florida,lrustman8m@wufoo.com,666,941-824-4505,19,311
$246.95,Industrial,Pennsylvania,lmclaren8n@stanford.edu,3489,570-843-3523,16,312
$3093.17,Toys,Wisconsin,pkirke8o@hubpages.com,3678,414-397-4380,20,313
$79.43,Jewelry,Pennsylvania,bdyte8p@statcounter.com,1865,412-899-7131,18,314
$252.06,Home,Connecticut,rscouler8q@go.com,2807,203-202-1656,2,315
$3603.40,Electronics,Florida,dflarity8r@github.io,732,904-828-0584,21,316
$123.72,Sports,North Carolina,cspera8s@harvard.edu,3204,704-529-0918,4,317
$4055.75,Music,Florida,mkitchinham8t@psu.edu,3503,561-518-9184,25,318
$3012.69,Automotive,North Carolina,kromeril8u@msu.edu,3860,336-851-5269,3,319
$1385.74,Outdoors,California,bpresland8v@exblog.jp,1660,559-143-1256,10,320
$783.96,Beauty,Florida,rhaney8w@com.com,1736,561-857-7742,27,321
$384.39,Beauty,California,srennebach8x@illinois.edu,423,310-214-2521,30,322
$3314.78,Kids,Florida,amoughton8y@edublogs.org,4634,954-282-6907,14,323
$3068.19,Baby,Florida,fcowoppe8z@samsung.com,487,904-867-7374,11,324
$4581.74,Automotive,Pennsylvania,hslaney90@comsenz.com,3035,215-441-5986,23,325
$2643.25,Jewelry,Ohio,rphilipard91@intel.com,3337,513-973-9597,16,326
$4703.53,Industrial,Alabama,lthorrington92@deliciousdays.com,4010,334-646-6347,25,327
$2339.83,Kids,Ohio,djacobi93@shutterfly.com,1625,330-311-9071,6,328
$4073.21,Shoes,Pennsylvania,qmcknish94@slate.com,416,412-349-9845,13,329
$4951.80,Toys,California,bfilkin95@discuz.net,2248,916-435-6324,26,330
$1857.65,Garden,Florida,spaddock96@ustream.tv,4028,561-482-5301,21,331
$2985.28,Electronics,Ohio,fboughey97@51.la,3454,513-720-7405,26,332
$4454.92,Toys,California,fkadd98@nyu.edu,2694,951-137-4085,9,333
$2436.20,Sports,Alabama,traigatt99@thetimes.co.uk,1247,205-438-5778,12,334
$1138.89,Computers,California,jquarlis9a@devhub.com,1962,310-243-2024,11,335
$2125.45,Computers,Alabama,aniemetz9b@hc360.com,3234,251-606-1903,13,336
$2901.91,Shoes,California,sshasnan9c@yandex.ru,4739,949-483-8607,4,337
$3122.92,Garden,Ohio,hseyers9d@jiathis.com,983,216-798-2487,29,338
$2885.12,Jewelry,California,deskrigg9e@nature.com,248,415-274-4459,18,339
$4429.88,Computers,New Jersey,eridsdole9f@jugem.jp,4546,201-728-7810,26,340
$715.55,Industrial,North Carolina,ffeldman9g@addtoany.com,2561,704-891-0524,21,341
$292.13,Health,Connecticut,egethin9h@accuweather.com,3014,203-426-2918,18,342
$1199.60,Automotive,California,tvaud9i@salon.com,3092,805-783-4822,5,343
$4377.10,Automotive,Ohio,smachel9j@lycos.com,3535,937-489-9997,11,344
$4740.72,Industrial,California,tellis9k@delicious.com,3941,559-274-4678,1,345
$3075.15,Books,Florida,aknoller9l@patch.com,2989,904-943-1454,3,346
$3571.11,Baby,Alabama,kortmann9m@tuttocitta.it,1245,334-252-5378,22,347
$4016.75,Games,Ohio,dcottle9n@tripadvisor.com,950,614-442-3368,16,348
$86.01,Garden,California,omulligan9o@comsenz.com,4100,559-355-2433,9,349
$1058.22,Movies,Florida,ssigfrid9p@toplist.cz,4709,813-205-3542,18,350
$3595.65,Kids,Alabama,uharryman9q@sakura.ne.jp,3147,205-676-2990,18,351
$3079.97,Books,California,iburgwyn9r@instagram.com,1645,707-716-7989,14,352
$4848.22,Kids,California,jbarrus9s@blogtalkradio.com,823,619-794-2954,27,353
$1808.72,Grocery,California,cjanaszkiewicz9t@spiegel.de,3450,213-720-0203,22,354
$614.08,Tools,Ohio,jcaspell9u@wired.com,4931,614-663-1193,29,355
$2551.89,Music,California,smartinson9v@indiegogo.com,3993,909-638-0920,17,356
$3262.40,Automotive,Wisconsin,lredit9w@google.ru,1349,414-242-7473,28,357
$2908.11,Home,California,kskillern9x@archive.org,41,559-459-8774,24,358
$3788.93,Beauty,California,htreadway9y@mapy.cz,221,951-855-2798,21,359
$1465.73,Clothing,California,hmcquarrie9z@newyorker.com,733,714-462-5253,20,360
$298.66,Kids,Wisconsin,hgeallea0@japanpost.jp,316,414-480-1007,22,361
$1764.33,Clothing,California,bpadlya1@fda.gov,1274,209-914-6229,20,362
$691.18,Books,California,vrobardleya2@alibaba.com,3841,415-643-8442,29,363
$3221.41,Outdoors,Wisconsin,mdampiera3@ca.gov,3019,608-793-1915,29,364
$793.69,Garden,Alabama,ddaubenya4@abc.net.au,3835,205-791-5633,8,365
$173.31,Industrial,Florida,slukesa5@alexa.com,15,850-383-0775,11,366
$2783.48,Garden,Pennsylvania,gbridgea6@wikipedia.org,2111,215-205-7984,17,367
$2068.21,Industrial,Ohio,rkelsona7@exblog.jp,3746,513-636-7636,23,368
$1897.64,Books,California,cvallintinea8@army.mil,2102,626-638-9282,27,369
$3765.20,Tools,Pennsylvania,lallreda9@tripod.com,4474,215-902-7709,21,370
$1135.51,Health,California,cbrealeyaa@arizona.edu,882,510-567-8376,9,371
$3628.06,Clothing,Ohio,sdrynanab@soup.io,391,513-351-8647,30,372
$1263.01,Computers,California,lambrosioac@tripadvisor.com,171,858-314-1940,21,373
$4462.96,Beauty,North Carolina,ldunsad@addtoany.com,1729,704-988-6898,4,374
$3610.08,Baby,Florida,ssalvatiae@independent.co.uk,2278,305-343-0903,9,375
$4656.75,Automotive,Florida,tgainoraf@cyberchimps.com,1228,727-817-5484,14,376
$1161.55,Baby,California,emanhoodag@csmonitor.com,4544,310-951-5393,13,377
$328.24,Books,New Jersey,sbushellah@reverbnation.com,12,973-503-3640,9,378
$2554.15,Electronics,Pennsylvania,bedmedai@vimeo.com,476,484-765-2317,22,379
$2864.48,Jewelry,California,jgorgesaj@usgs.gov,1160,818-105-8244,2,380
$4588.46,Outdoors,Pennsylvania,ihousenak@blogtalkradio.com,1472,215-432-3885,23,381
$3870.15,Kids,California,schamberlenal@ca.gov,3117,916-254-9949,27,382
$4636.93,Automotive,California,pgilbodyam@berkeley.edu,3305,805-752-1883,18,383
$3626.66,Jewelry,California,jwilflingan@wikipedia.org,3707,323-511-8679,3,384
$1943.79,Movies,Ohio,ejexao@answers.com,4383,216-320-0787,19,385
$325.65,Home,Florida,adanilevichap@nba.com,1953,239-465-2641,21,386
$3920.60,Grocery,North Carolina,saugustaq@go.com,4509,704-762-2794,11,387
$2507.17,Movies,North Carolina,zonginar@fotki.com,2894,704-422-7699,6,388
$611.91,Tools,Ohio,jtatheras@disqus.com,3463,216-998-1814,26,389
$2068.66,Electronics,North Carolina,mstoacleyat@ameblo.jp,3795,910-582-7988,30,390
$2279.18,Games,Pennsylvania,oomandau@admin.ch,2818,215-843-4234,30,391
$920.01,Jewelry,Ohio,crubroeav@google.pl,2203,330-553-1773,23,392
$3477.79,Tools,Ohio,dcunioaw@acquirethisname.com,4528,513-266-1348,16,393
$4245.98,Jewelry,Alabama,ochifneyax@google.de,4002,205-779-7459,25,394
$1076.49,Books,Ohio,jfountianay@geocities.jp,43,614-443-6414,25,395
$4566.63,Grocery,California,ckaasaz@sakura.ne.jp,3936,213-179-0553,14,396
$3120.71,Grocery,Pennsylvania,jfusedaleb0@parallels.com,1002,570-213-3488,28,397
$1743.92,Shoes,Florida,eephgraveb1@list-manage.com,3038,863-350-0558,21,398
$4908.43,Grocery,California,cattleb2@omniture.com,1902,909-976-3132,9,399
$1312.00,Home,Ohio,kameryb3@usgs.gov,778,216-849-1328,6,400
$1335.40,Home,California,ibassomb4@reverbnation.com,3858,626-985-5559,9,401
$3972.61,Grocery,Florida,mbradnumb5@odnoklassniki.ru,3249,561-210-7498,6,402
$1951.40,Automotive,California,dkelloughb6@intel.com,4527,562-805-5030,16,403
$3977.06,Movies,Florida,cfolib7@cdbaby.com,554,850-618-3908,4,404
$4549.67,Toys,Florida,sblackmoorb8@soup.io,2696,850-149-3571,2,405
$293.42,Industrial,Ohio,afaasb9@blogtalkradio.com,391,216-117-1629,19,406
$1105.55,Grocery,California,lluckhamba@macromedia.com,2946,916-428-7148,14,407
$1841.48,Clothing,California,aliellbb@wired.com,4472,510-984-2916,25,408
$4032.38,Industrial,North Carolina,mholtawaybc@ow.ly,4206,910-624-9645,26,409
$4235.31,Games,Florida,ygouchbd@godaddy.com,3585,352-461-7901,30,410
$4534.39,Clothing,California,jtowsbe@networksolutions.com,3930,415-494-2189,25,411
$4537.12,Toys,Alabama,bdosdalebf@people.com.cn,854,205-904-6908,9,412
$4385.08,Kids,Kansas,rskeatesbg@list-manage.com,1234,785-113-1266,13,413
$4119.86,Tools,Florida,mglantzbh@desdev.cn,4385,727-749-1318,3,414
$4717.78,Beauty,Florida,ppitneybi@tinyurl.com,4026,407-633-7018,28,415
$4246.31,Movies,Ohio,ssultanabj@nasa.gov,1034,419-747-6822,13,416
$2541.16,Beauty,Ohio,hkitcatbk@aboutads.info,2256,513-931-4710,28,417
$999.91,Toys,California,ewitheringtonbl@wikia.com,815,415-445-7361,23,418
$1200.88,Computers,California,medkinsbm@google.es,3828,760-290-8052,3,419
$3455.84,Home,Florida,mmitrikhinbn@google.com.au,4798,407-712-6112,7,420
$93.08,Movies,Florida,hmerillbo@jimdo.com,1848,754-475-5707,6,421
$3895.68,Health,Florida,hsimukovbp@umich.edu,1477,813-371-6266,14,422
$62.04,Beauty,Florida,dlovelbq@odnoklassniki.ru,1496,407-311-8370,21,423
$50.37,Jewelry,California,tgoffbr@unicef.org,3953,323-327-8377,22,424
$3623.24,Games,Florida,lgattybs@amazon.de,3409,813-462-5975,17,425
$338.60,Kids,Florida,vwynebt@123-reg.co.uk,1335,850-584-1635,17,426
$3194.58,Industrial,Florida,eaugerbu@list-manage.com,2585,850-673-4925,4,427
$3925.67,Grocery,Florida,bglaysherbv@auda.org.au,1869,850-149-4266,24,428
$4357.17,Baby,Wisconsin,tnassaubw@parallels.com,2834,414-799-5589,6,429
$2856.37,Clothing,Wisconsin,gbutsonbx@cpanel.net,3580,608-299-2226,20,430
$2073.41,Outdoors,Ohio,cgoodbanby@amazon.de,2137,330-319-4283,9,431
$4538.44,Garden,Florida,rcultchethbz@google.com,956,407-499-0298,10,432
$155.17,Shoes,California,espadellic0@census.gov,4491,310-296-2215,12,433
$2167.67,Books,California,lcoggellc1@amazonaws.com,3376,619-266-8515,23,434
$635.64,Music,California,dknappenc2@china.com.cn,3995,619-735-7963,27,435
$2202.12,Music,Florida,ldurdlec3@cbsnews.com,2070,239-702-9758,24,436
$1032.36,Tools,Ohio,bflucksc4@washingtonpost.com,4153,513-236-6888,1,437
$2147.15,Games,Florida,bwhitwoodc5@psu.edu,3105,321-852-0317,6,438
$3864.03,Sports,North Carolina,clydsterc6@globo.com,12,828-789-6329,30,439
$1375.51,Garden,Kansas,falishonerc7@phpbb.com,800,785-169-0999,9,440
$2568.48,Sports,California,jchalonerc8@hao123.com,2920,310-288-1366,19,441
$2750.34,Outdoors,North Carolina,ajollyec9@networksolutions.com,1811,336-207-5496,10,442
$2986.83,Outdoors,Ohio,vsideyca@mozilla.org,2023,513-384-2972,1,443
$500.52,Health,California,rbonfieldcb@angelfire.com,3119,408-679-2964,16,444
$4942.44,Games,Florida,wbaudtscc@marriott.com,1756,561-510-8853,7,445
$2375.37,Toys,Pennsylvania,kcannercd@php.net,1706,717-603-1932,13,446
$4011.73,Tools,Florida,mpendleberryce@alexa.com,4435,954-837-4683,7,447
$2556.22,Baby,Alabama,kdowlescf@seattletimes.com,3162,205-902-1005,1,448
$4245.36,Music,North Carolina,bsummersettcg@booking.com,2414,434-927-0233,25,449
$4874.30,Kids,Florida,ywestermanch@stumbleupon.com,4951,786-602-8551,17,450
$1821.41,Music,California,fbisterci@unicef.org,2522,415-280-0169,14,451
$2386.80,Grocery,Florida,sbenningtoncj@themeforest.net,3489,941-357-5056,28,452
$2597.46,Jewelry,North Carolina,svinterck@parallels.com,2608,336-310-4255,2,453
$2996.09,Kids,California,lradkecl@phpbb.com,3316,530-359-6810,29,454
$2692.19,Shoes,North Carolina,pjanningcm@addthis.com,4687,828-456-1049,24,455
$1088.23,Games,Ohio,praffcn@google.com.br,1076,513-420-9435,7,456
$227.31,Games,Pennsylvania,bboullerco@dion.ne.jp,2378,570-388-9599,26,457
$669.51,Beauty,Ohio,alovemorecp@admin.ch,526,513-832-7261,25,458
$3726.70,Industrial,Connecticut,wkarpinskicq@4shared.com,1761,203-962-9758,19,459
$3185.49,Automotive,California,drivalantcr@xing.com,4074,408-742-1551,11,460
$4042.92,Industrial,California,cdunbletoncs@webmd.com,449,213-315-8951,2,461
$1492.38,Games,California,dvalekct@mozilla.org,3375,951-849-0338,14,462
$4236.40,Books,Ohio,astopforthcu@eventbrite.com,2325,513-703-0157,8,463
$3443.79,Sports,Connecticut,kfieldencv@technorati.com,4405,203-256-3327,3,464
$1872.72,Grocery,California,rcharkercw@europa.eu,1375,818-430-6813,25,465
$3659.04,Grocery,California,gthornecx@merriam-webster.com,233,310-198-3325,26,466
$1653.89,Grocery,California,cashwincy@squidoo.com,3875,310-412-8512,19,467
$3068.00,Tools,Florida,dgaytorcz@bloomberg.com,4778,407-432-5326,22,468
$2074.20,Books,Alabama,phendrond0@foxnews.com,4583,251-164-5981,24,469
$2028.34,Beauty,Wisconsin,ywillgossd1@harvard.edu,2943,920-863-2251,1,470
$2594.37,Clothing,North Carolina,ajolyd2@nydailynews.com,2586,336-175-6287,27,471
$3512.36,Games,Kansas,wdantonid3@photobucket.com,1952,913-782-0228,4,472
$2278.08,Beauty,Florida,dbraksperd4@1688.com,2523,850-800-1967,13,473
$2934.42,Electronics,Ohio,nbiskupekd5@intel.com,3226,513-396-7735,30,474
$2099.01,Tools,Pennsylvania,mguislerd6@google.com.br,204,610-932-9905,15,475
$1235.21,Books,Florida,mwalthewd7@bloglovin.com,3922,904-573-2064,19,476
$3966.77,Music,Florida,gilyind8@exblog.jp,422,904-100-8956,8,477
$3075.20,Outdoors,Connecticut,lsharplind9@newyorker.com,2234,860-420-5539,13,478
$4559.03,Books,North Carolina,sdewdenyda@berkeley.edu,2773,336-925-8991,19,479
$4710.70,Music,Florida,jswinnertondb@bandcamp.com,4443,561-314-6285,7,480
$4259.56,Books,Pennsylvania,bpingstonedc@pbs.org,3400,215-310-0720,30,481
$1347.84,Movies,Ohio,mmcdunlevydd@live.com,987,937-305-4563,9,482
$1490.85,Music,Florida,mlorentzende@jiathis.com,1504,239-655-9097,11,483
$4667.74,Books,California,ebrazeldf@kickstarter.com,4212,916-481-4452,9,484
$1629.97,Industrial,California,jtunesidg@is.gd,4267,559-122-6232,3,485
$478.69,Clothing,Wisconsin,djaindh@java.com,2931,414-941-2468,28,486
$4298.01,Music,Florida,csertindi@dyndns.org,2205,813-351-0807,23,487
$2116.88,Industrial,Kansas,jomardj@dell.com,1601,316-143-6999,7,488
$536.96,Industrial,Ohio,eleveretdk@ovh.net,726,614-364-2794,20,489
$2545.86,Automotive,California,aismaydl@dell.com,485,559-161-2584,18,490
$1651.59,Shoes,California,rfincidm@nydailynews.com,1014,707-805-8508,15,491
$4574.57,Baby,California,rdobrowlskidn@bigcartel.com,646,510-659-0039,28,492
$2947.70,Sports,Connecticut,idorceydo@typepad.com,123,860-287-6896,29,493
$3001.80,Electronics,North Carolina,xstormonthdp@list-manage.com,1408,704-543-8324,5,494
$89.58,Clothing,Ohio,irulfdq@mozilla.com,3762,513-605-6190,4,495
$236.87,Outdoors,California,wpelzerdr@apache.org,883,661-350-7929,26,496
$2514.69,Health,California,mshoulderds@google.com.au,2501,619-508-0731,18,497
$2887.23,Outdoors,Florida,cmacgettigendt@ehow.com,2516,904-971-6130,27,498
$3288.98,Shoes,California,jpoordu@timesonline.co.uk,1541,702-268-2248,22,499
$4192.95,Outdoors,Florida,radshaddv@yahoo.co.jp,195,954-586-9374,13,500
$74.94,Jewelry,Alabama,wlattkadw@devhub.com,2852,251-257-3303,24,501
$3883.41,Clothing,California,nqueendx@un.org,2870,408-906-7257,20,502
$922.21,Automotive,Ohio,ptunnockdy@paginegialle.it,3866,937-918-5373,27,503
$1703.75,Garden,California,lsaulterdz@1688.com,1646,209-220-5453,8,504
$3916.13,Clothing,Florida,knende0@oakley.com,548,561-605-4895,8,505
$1890.71,Computers,Alabama,ewillshiree1@typepad.com,2296,334-367-6447,3,506
$201.61,Baby,Ohio,lswayslande2@smugmug.com,1597,513-373-4972,9,507
$3702.38,Shoes,California,eyvense3@bbc.co.uk,1490,714-395-2993,18,508
$1938.33,Kids,Florida,wtelforde4@google.es,2862,561-357-0498,19,509
$3110.02,Grocery,California,fkarolczyke5@weebly.com,1644,213-481-2133,10,510
$2274.99,Shoes,Kansas,rcarnsone6@yahoo.com,4215,913-677-9186,1,511
$769.38,Sports,Pennsylvania,jwinkelle7@wp.com,2056,215-106-4648,23,512
$4264.43,Industrial,Florida,elebarre8@bandcamp.com,4977,561-885-5613,16,513
$4904.63,Clothing,Florida,splayfaire9@kickstarter.com,851,352-939-7985,30,514
$2517.29,Electronics,Florida,bsampsonea@dropbox.com,2882,754-562-4150,5,515
$4633.44,Tools,Kansas,sbusswelleb@wisc.edu,3640,316-565-2791,22,516
$2085.34,Toys,Florida,egothardec@examiner.com,502,904-391-0092,13,517
$4361.36,Beauty,New Jersey,dwinsletted@cbc.ca,3381,609-533-9890,25,518
$2235.95,Industrial,California,ivanniee@digg.com,422,323-400-5483,7,519
$3758.31,Shoes,California,cbellayef@weibo.com,129,213-367-7326,5,520
$837.23,Home,Florida,dosgerbyeg@netlog.com,4982,850-401-1159,28,521
$1236.84,Movies,Florida,kkowaleh@google.ru,13,813-529-8177,13,522
$4865.34,Books,California,rwiltshearei@miitbeian.gov.cn,4818,805-815-0510,19,523
$1128.90,Jewelry,Florida,icoudrayej@privacy.gov.au,407,727-237-1183,14,524
$445.03,Baby,Pennsylvania,fwittonek@opensource.org,2898,610-773-2118,4,525
$724.08,Shoes,California,croosel@meetup.com,3777,408-180-7170,9,526
$4176.81,Books,California,dklemenzem@va.gov,1226,818-827-9364,21,527
$4362.89,Movies,Florida,ttitmussen@youtube.com,3746,305-812-2140,20,528
$4142.00,Shoes,Ohio,bcoughlineo@craigslist.org,1265,614-902-2003,28,529
$3018.55,Sports,Florida,nspikeingsep@europa.eu,619,561-849-8954,21,530
$1489.81,Books,Connecticut,ekifteq@blogspot.com,519,203-346-7249,27,531
$262.50,Garden,Pennsylvania,cachrameever@cpanel.net,431,412-302-8244,18,532
$1638.13,Beauty,Florida,mtwallines@networksolutions.com,3940,352-491-2823,29,533
$2846.55,Home,California,ailleset@list-manage.com,3730,213-505-3104,6,534
$1429.11,Kids,Florida,sblatchfordeu@instagram.com,2758,850-286-9744,9,535
$1420.13,Jewelry,California,wkyberdev@dailymotion.com,3326,916-699-1521,8,536
$17.64,Industrial,Ohio,sgilhouleyew@auda.org.au,711,614-644-8567,25,537
$2640.86,Books,Florida,ahansonex@so-net.ne.jp,1742,941-106-6675,12,538
$1722.49,Music,Florida,baughtieey@networksolutions.com,227,305-791-5812,6,539
$577.96,Sports,North Carolina,teneferez@bizjournals.com,4311,919-924-7451,10,540
$389.31,Music,California,jmostenf0@amazon.com,301,760-715-4782,10,541
$3022.94,Beauty,Florida,bguisef1@seattletimes.com,1824,954-970-4972,10,542
$964.46,Outdoors,California,ccabralesf2@pbs.org,1736,559-336-8948,29,543
$426.26,Health,California,bhellicarf3@uiuc.edu,2241,209-606-9653,10,544
$3754.75,Home,Pennsylvania,rstaceyf4@deviantart.com,4237,412-635-3517,18,545
$2080.14,Music,Ohio,nplaitf5@list-manage.com,860,216-627-4956,19,546
$4251.83,Games,Connecticut,amonardf6@homestead.com,2540,203-222-0597,23,547
$805.20,Grocery,California,jwreyf7@oracle.com,2809,626-134-8589,4,548
$71.72,Movies,Connecticut,mwhitcombef8@networkadvertising.org,1389,203-963-6892,9,549
$1030.05,Industrial,California,kklimusf9@typepad.com,667,408-766-9817,28,550
$1077.87,Movies,California,cterryfa@hubpages.com,1566,510-296-7865,24,551
$4822.21,Outdoors,Kansas,cchattingtonfb@geocities.jp,1388,316-534-5280,30,552
$3951.50,Home,Wisconsin,cpettfc@npr.org,3927,414-138-3685,10,553
$1789.84,Beauty,California,cpearsefd@cnet.com,94,626-980-0746,5,554
$2730.14,Home,Pennsylvania,kyallopfe@engadget.com,546,412-795-3897,14,555
$332.49,Games,Pennsylvania,kstanistreetff@alibaba.com,2835,717-980-1085,9,556
$2573.36,Tools,Ohio,cgreenfieldfg@tiny.cc,3086,330-719-6635,19,557
$3837.87,Beauty,Florida,vquanfh@scientificamerican.com,3126,754-380-1868,20,558
$4485.10,Electronics,Pennsylvania,tantrackfi@ning.com,837,412-131-0835,6,559
$445.53,Books,California,apagenfj@over-blog.com,4420,707-932-2128,11,560
$1349.35,Games,Kansas,jaltonfk@imageshack.us,1981,785-505-1784,19,561
$2986.04,Jewelry,Wisconsin,cmelonbyfl@intel.com,3339,262-282-5892,9,562
$4577.05,Sports,California,nroycraftfm@hao123.com,4426,415-600-8679,24,563
$1029.25,Music,Pennsylvania,sacockfn@comsenz.com,216,412-711-1609,25,564
$3290.86,Baby,California,kbremmellfo@abc.net.au,2533,619-248-1392,10,565
$4961.53,Sports,Ohio,hmcenhillfp@sourceforge.net,1706,419-870-0611,7,566
$2641.08,Jewelry,Florida,lablottfq@noaa.gov,3049,561-467-7335,19,567
$4431.86,Music,California,kcouthfr@feedburner.com,4982,213-213-4709,19,568
$1510.43,Computers,Florida,lburgisfs@soundcloud.com,2244,727-441-0121,2,569
$4271.42,Shoes,California,pendsft@vimeo.com,4785,415-772-8137,14,570
$44.43,Industrial,California,hvamplusfu@wikipedia.org,2282,619-578-9545,12,571
$3119.13,Grocery,California,nskillittfv@about.me,3954,707-514-2478,28,572
$4531.87,Computers,California,vkeenerfw@seesaa.net,272,714-345-4388,28,573
$1516.33,Games,California,htembeyfx@goo.gl,3332,323-133-2526,20,574
$2537.32,Toys,Ohio,emullalyfy@1und1.de,1383,614-282-9457,1,575
$151.32,Shoes,California,bcockburnfz@newsvine.com,1008,323-136-1607,25,576
$1566.61,Baby,Wisconsin,lavisg0@twitpic.com,4374,608-550-1665,29,577
$3852.46,Kids,California,hduftyg1@bizjournals.com,1260,707-344-6767,25,578
$958.33,Music,California,rsimmellg2@java.com,49,209-927-7640,6,579
$3348.76,Electronics,Florida,dcripsg3@barnesandnoble.com,860,407-128-6173,16,580
$4063.59,Industrial,Kansas,ebosselg4@gmpg.org,1298,913-946-4765,1,581
$2.18,Sports,California,zpaydong5@wikipedia.org,2455,310-264-2230,19,582
$2926.54,Clothing,Florida,ejayumeg6@mit.edu,4885,772-649-5417,10,583
$4339.55,Clothing,Alabama,bswitlandg7@diigo.com,3183,205-595-1173,5,584
$3102.80,Games,Florida,shartshorneg8@ezinearticles.com,3429,352-764-2399,3,585
$4213.06,Baby,California,lgoldsmithg9@sciencedaily.com,398,415-849-2409,9,586
$4342.66,Toys,Alabama,zcoppenga@constantcontact.com,4197,205-866-7661,20,587
$3997.77,Automotive,California,tmulryangb@pcworld.com,32,650-887-6448,20,588
$4070.97,Clothing,Ohio,ctruelockgc@elegantthemes.com,2731,937-595-4929,22,589
$4175.85,Health,Ohio,lshoulergd@google.ru,2337,937-476-0428,2,590
$2655.53,Automotive,North Carolina,cbrunonege@amazon.co.jp,1794,828-129-0704,3,591
$87.88,Industrial,Ohio,mblezardgf@eventbrite.com,567,513-352-3232,9,592
$592.99,Shoes,California,gsuttiegg@networkadvertising.org,1776,408-853-3863,29,593
$3588.80,Computers,Florida,arankcomgh@whitehouse.gov,3701,305-804-5311,2,594
$464.20,Books,Florida,ycollistergi@seesaa.net,1112,850-547-5710,20,595
$2807.63,Tools,Florida,shakonssongj@google.fr,4188,407-714-0610,16,596
$957.66,Industrial,Pennsylvania,elenthallgk@skype.com,4904,717-773-1020,6,597
$4938.69,Tools,California,semblingl@list-manage.com,947,650-712-4576,15,598
$16.04,Grocery,Ohio,sdoddemeadegm@bandcamp.com,2545,513-298-7364,18,599
$81.63,Baby,California,gtrenowethgn@xinhuanet.com,13,661-390-1137,6,600
$3391.74,Clothing,Florida,kbastonego@hexun.com,2582,813-717-4512,25,601
$3714.49,Computers,Ohio,tmogeygp@php.net,537,234-678-5505,18,602
$4827.36,Clothing,Florida,lfassetgq@npr.org,1780,239-712-6523,8,603
$185.83,Games,New Jersey,dharefootgr@nasa.gov,3826,973-247-9996,15,604
$4775.08,Garden,Ohio,sscogginsgs@msu.edu,1946,216-473-0777,26,605
$4471.60,Outdoors,Florida,acastagnogt@imageshack.us,1277,727-406-7891,16,606
$736.27,Books,Florida,rraysdalegu@yellowpages.com,4292,305-778-8704,11,607
$3878.78,Baby,California,dverheijdengv@wordpress.org,3718,916-409-7454,23,608
$8.66,Automotive,Florida,jblabeygw@thetimes.co.uk,4409,407-839-2266,22,609
$1125.76,Industrial,California,cvagggx@sina.com.cn,576,661-264-1145,6,610
$1824.47,Baby,California,jshwenngy@simplemachines.org,1453,805-844-0053,10,611
$93.63,Sports,Connecticut,ccanerogz@xinhuanet.com,3681,860-772-8822,26,612
$3139.01,Grocery,Ohio,nbullerh0@adobe.com,2769,419-502-2113,2,613
$3729.04,Games,Pennsylvania,gkernoghanh1@foxnews.com,1600,412-289-9016,30,614
$3131.28,Movies,California,bvanderhoevenh2@constantcontact.com,626,415-981-8170,10,615
$881.70,Automotive,California,dblakesleyh3@who.int,772,415-537-2887,28,616
$4794.81,Baby,New Jersey,bsamsonsenh4@topsy.com,1886,862-656-1213,18,617
$3614.43,Sports,New Jersey,hrobkerh5@npr.org,339,609-349-5042,28,618
$3627.26,Automotive,California,mcarcassh6@ow.ly,1879,916-713-7532,6,619
$4655.83,Health,California,ebensleyh7@networksolutions.com,1847,209-223-5837,13,620
$1343.49,Baby,Pennsylvania,tdaubenyh8@github.io,3830,717-864-6948,30,621
$3955.09,Tools,California,zbrysonh9@sitemeter.com,4194,805-760-2124,23,622
$2179.86,Clothing,Pennsylvania,mdiniscoha@sina.com.cn,3726,814-727-6523,8,623
$1786.38,Sports,Florida,mkopeckahb@dedecms.com,77,352-584-5177,5,624
$2400.57,Toys,Florida,ffargehc@yellowpages.com,3692,954-491-3860,28,625
$4033.41,Grocery,Ohio,mmcguinesshd@google.it,219,330-143-6245,7,626
$850.72,Baby,California,baspinellhe@gnu.org,2663,714-828-5382,6,627
$4082.27,Music,Florida,eosherinhf@netlog.com,4150,941-320-6457,6,628
$1982.61,Home,North Carolina,osowthcotehg@ca.gov,1826,919-357-0280,5,629
$1238.29,Jewelry,California,trowstonhh@sphinn.com,3538,562-316-9627,1,630
$4898.73,Electronics,California,tshawdforthhi@yahoo.co.jp,1622,909-674-0354,28,631
$1700.95,Baby,California,lrowhj@chronoengine.com,4305,818-333-4752,20,632
$1932.52,Tools,California,abrameldhk@prlog.org,1407,559-679-2561,20,633
$3812.82,Industrial,Alabama,amcelreahl@deliciousdays.com,3889,205-453-3288,5,634
$3250.00,Kids,California,jdanielouhm@example.com,3053,510-137-1172,16,635
$271.37,Outdoors,Florida,beleshenarhn@hibu.com,2189,904-391-9968,30,636
$158.12,Toys,Alabama,pmatyho@hp.com,2181,334-718-2433,12,637
$601.68,Automotive,Pennsylvania,itregensoehp@mapy.cz,57,570-172-7751,23,638
$2949.92,Baby,Pennsylvania,tcorkillhq@whitehouse.gov,2439,412-875-6565,26,639
$3266.25,Outdoors,Connecticut,dmeganyhr@aboutads.info,3870,203-373-6714,27,640
$3076.64,Computers,Florida,caltreehs@apache.org,1506,305-916-3746,23,641
$2454.99,Kids,California,mdowdinght@independent.co.uk,855,619-197-6809,29,642
$1581.33,Jewelry,Ohio,qmacyhu@trellian.com,1134,513-208-0851,2,643
$1373.24,Jewelry,California,jvancastelehv@bloglines.com,2055,909-255-5716,30,644
$361.23,Industrial,Ohio,esadlerhw@skyrock.com,4063,614-389-5990,9,645
$2725.35,Home,Alabama,emcmenamiehx@youtube.com,2446,205-361-0446,28,646
$828.79,Grocery,California,rmartinonhy@discuz.net,2261,559-967-2096,14,647
$4942.58,Games,Ohio,kbancrofthz@t.co,3687,234-878-2462,29,648
$325.69,Electronics,California,cstubbleyi0@weebly.com,3870,818-501-2217,12,649
$3483.94,Outdoors,Florida,hwankeli1@vinaora.com,3791,813-996-4999,26,650
$1005.73,Computers,North Carolina,dtackesi2@illinois.edu,175,704-126-7381,18,651
$3470.37,Grocery,Alabama,cbisacrei3@usda.gov,229,251-998-5329,13,652
$3732.91,Home,California,mmatskivi4@creativecommons.org,338,510-764-0068,10,653
$2418.04,Industrial,North Carolina,cjoselsoni5@weibo.com,3531,704-336-1536,30,654
$4876.86,Grocery,California,moscolleei6@topsy.com,1923,949-953-4155,10,655
$46.93,Games,California,zgiorioi7@jiathis.com,4119,213-473-1786,1,656
$2230.79,Electronics,Connecticut,salessandruccii8@nydailynews.com,523,860-526-2628,1,657
$3152.68,Shoes,Kansas,hgirali9@amazon.co.uk,4009,913-357-4366,11,658
$1459.31,Automotive,Ohio,laggioia@walmart.com,2890,614-276-6822,7,659
$3148.62,Baby,Alabama,wkrierib@senate.gov,2619,205-830-6108,10,660
$2609.05,Games,California,lscriveneric@gmpg.org,1269,661-160-8747,25,661
$478.28,Baby,Ohio,kheersmaid@netlog.com,1742,440-633-9075,28,662
$1015.83,Movies,Ohio,wbrounckerie@meetup.com,1352,330-237-1009,4,663
$1164.04,Industrial,Kansas,dchevolleauif@comsenz.com,2817,785-935-4191,30,664
$697.02,Tools,California,thazleyig@pen.io,2169,213-916-6662,27,665
$3892.80,Movies,California,mjesselih@reuters.com,2690,559-668-1393,29,666
$3227.06,Movies,Ohio,aleclercqii@mayoclinic.com,1404,513-503-6618,24,667
$2184.01,Beauty,Florida,dtinkhamij@comcast.net,3648,786-249-8408,11,668
$3607.03,Tools,Florida,mbertik@pen.io,3126,239-937-3157,17,669
$597.66,Garden,Connecticut,lmaleckyil@geocities.jp,4892,203-553-8750,16,670
$3585.10,Toys,Pennsylvania,trushim@ovh.net,806,610-987-0953,1,671
$3829.54,Music,Pennsylvania,jjoretin@ustream.tv,4262,484-378-8771,13,672
$2851.64,Electronics,Ohio,rdrummondio@netscape.com,1047,419-408-6703,19,673
$3430.17,Computers,North Carolina,pcapstackip@phpbb.com,3306,919-925-0445,27,674
$3539.05,Garden,Florida,mrenahaniq@elegantthemes.com,401,850-393-4952,18,675
$185.56,Beauty,Florida,rtootinir@sogou.com,2803,904-843-7302,20,676
$3076.54,Toys,Ohio,pjesseis@ocn.ne.jp,2493,513-465-1786,28,677
$1869.94,Industrial,New Jersey,wmarcumit@behance.net,116,609-814-0000,6,678
$3367.07,Automotive,Florida,mpatinkiniu@epa.gov,4055,813-819-7517,6,679
$1782.11,Sports,California,sbeddisiv@ustream.tv,1839,562-547-9759,23,680
$1674.20,Home,Ohio,abinehamiw@zdnet.com,3826,614-262-2032,8,681
$2737.80,Shoes,Pennsylvania,cboyenix@mediafire.com,1567,412-676-5613,6,682
$4367.94,Electronics,North Carolina,aadaoiy@exblog.jp,1371,704-599-8505,4,683
$2193.15,Industrial,Florida,chourihaneiz@cbc.ca,766,813-516-9889,6,684
$3176.36,Sports,Connecticut,lwynrehamej0@networksolutions.com,593,203-572-6043,13,685
$2277.61,Automotive,California,acrinagej1@yellowpages.com,186,909-313-8639,3,686
$4.70,Beauty,Florida,aspittlesj2@mashable.com,632,850-415-6647,6,687
$4969.22,Automotive,California,igullanj3@posterous.com,4268,916-372-1933,30,688
$4951.53,Shoes,Wisconsin,bbrunj4@kickstarter.com,1620,414-652-3368,20,689
$1104.13,Industrial,Florida,bmccarlej5@miibeian.gov.cn,3074,305-525-8056,13,690
$2336.60,Baby,Alabama,drewj6@intel.com,2104,205-366-0714,19,691
$1169.28,Computers,Pennsylvania,nbartolomeuj7@narod.ru,51,412-873-6382,3,692
$685.07,Games,North Carolina,ascarbarrowj8@psu.edu,2082,910-792-6739,26,693
$4521.74,Movies,Pennsylvania,relsmerej9@soundcloud.com,3941,215-687-4210,6,694
$3665.65,Kids,Ohio,igorringeja@miitbeian.gov.cn,3853,330-876-8663,17,695
$3398.35,Books,Florida,asnodenjb@fastcompany.com,890,305-180-2984,24,696
$805.11,Industrial,New Jersey,gswatejc@technorati.com,4271,862-242-8639,15,697
$3726.93,Sports,Florida,drylattjd@hibu.com,3856,727-481-6881,10,698
$3929.30,Toys,California,mcolebrookje@ft.com,1846,949-706-2825,7,699
$3276.45,Industrial,Florida,jpattonjf@amazon.de,4396,813-298-3134,26,700
$4004.41,Health,Florida,mmeasorjg@purevolume.com,3781,407-176-3792,12,701
$165.57,Kids,New Jersey,bscarthjh@chicagotribune.com,2377,609-413-3247,22,702
$2572.82,Automotive,Florida,mcashleyji@yellowpages.com,2188,850-138-9666,25,703
$1468.82,Health,California,bphettejj@patch.com,3790,619-439-5287,10,704
$1489.81,Garden,Pennsylvania,cwithringtenjk@craigslist.org,1411,412-285-7395,23,705
$4383.48,Industrial,Florida,hrutiglianojl@senate.gov,3597,772-292-9650,7,706
$4312.31,Jewelry,Florida,ecrokerjm@usnews.com,4667,727-544-8326,24,707
$3589.86,Toys,Florida,dcancellierijn@discovery.com,2918,813-902-6560,2,708
$3743.81,Toys,Wisconsin,rbritchjo@reference.com,2239,262-100-2911,2,709
$809.46,Shoes,California,dkeggjp@dot.gov,435,714-305-6356,21,710
$3553.23,Electronics,Alabama,apettisjq@squidoo.com,3820,334-345-8191,26,711
$2623.26,Computers,North Carolina,cmattussevichjr@netscape.com,4712,704-327-5466,27,712
$1455.22,Outdoors,California,hceeleyjs@google.fr,3581,818-217-9888,25,713
$862.09,Electronics,California,lfaudriejt@dmoz.org,4849,323-841-4007,5,714
$800.83,Automotive,California,zcawseju@myspace.com,4556,619-579-7827,22,715
$3896.11,Outdoors,California,gavrashinjv@odnoklassniki.ru,1145,626-642-1237,10,716
$1.93,Grocery,Florida,spostlethwaitejw@ucla.edu,4554,352-170-3867,15,717
$3811.90,Kids,Kansas,kgettinsjx@naver.com,2869,913-704-9571,28,718
$2899.73,Sports,Pennsylvania,wgravesjy@berkeley.edu,1794,717-210-4055,24,719
$2337.78,Automotive,New Jersey,bswindalljz@digg.com,2220,609-862-4405,27,720
$4958.57,Clothing,Alabama,dmolinesk0@webnode.com,1318,256-778-6939,5,721
$4942.93,Automotive,Florida,tlashamk1@pbs.org,4016,786-319-1680,8,722
$2884.32,Grocery,Florida,emathevetk2@miitbeian.gov.cn,4419,941-802-9764,11,723
$3108.04,Shoes,California,icrippink3@parallels.com,3679,949-881-5526,14,724
$677.82,Garden,New Jersey,sweinek4@sina.com.cn,275,609-105-4258,1,725
$2709.20,Shoes,Ohio,idightonk5@dot.gov,1563,513-819-3264,26,726
$3553.25,Baby,Pennsylvania,gdoggerellk6@newsvine.com,3040,215-932-6149,1,727
$3428.62,Toys,Florida,gwillowayk7@cyberchimps.com,4932,954-799-3163,19,728
$4840.98,Kids,Kansas,kshollk8@php.net,829,316-795-0253,7,729
$3894.01,Toys,Florida,sbartolk9@usa.gov,612,941-209-0731,3,730
$2967.07,Tools,California,bcaseyka@prnewswire.com,2285,562-424-8233,18,731
$3253.44,Beauty,California,anettikb@ft.com,1656,626-977-3756,13,732
$2227.46,Home,California,tamphlettkc@bing.com,2220,858-263-1068,25,733
$1617.76,Garden,California,rsullerkd@t-online.de,2047,619-797-5765,3,734
$1024.31,Tools,Alabama,eilyenkoke@wp.com,2401,205-236-9333,3,735
$1660.98,Electronics,Florida,sprazorkf@japanpost.jp,2021,561-371-3560,10,736
$4091.08,Toys,New Jersey,cstatherkg@de.vu,4572,856-711-1569,28,737
$1389.01,Grocery,California,ereddishkh@washington.edu,4153,415-549-6824,22,738
$4850.53,Games,North Carolina,nflowethki@tamu.edu,652,336-459-6005,7,739
$1710.78,Home,California,atibaltkj@samsung.com,2301,661-535-9325,25,740
$575.41,Sports,Florida,sewebankkk@freewebs.com,2500,727-913-8914,28,741
$568.37,Industrial,Florida,agreadykl@elegantthemes.com,2688,561-786-3029,30,742
$4732.28,Industrial,Wisconsin,vfontkm@quantcast.com,3935,414-669-8038,21,743
$3859.38,Toys,California,kgoldbergkn@homestead.com,2931,213-374-1372,8,744
$1130.09,Books,California,kbirtwisleko@indiatimes.com,183,661-762-0480,3,745
$3301.98,Automotive,Ohio,ldavidoukp@google.com.au,698,419-767-9878,30,746
$2658.01,Movies,Florida,lmajorkq@mayoclinic.com,4403,407-627-5314,20,747
$1896.13,Baby,Florida,bburnerkr@ovh.net,2155,754-710-9615,10,748
$4635.97,Tools,Ohio,dlowaterks@rakuten.co.jp,444,614-530-6139,13,749
$1908.30,Clothing,North Carolina,lclementikt@google.fr,453,704-979-1361,13,750
$1287.83,Beauty,Florida,iwooffindenku@engadget.com,2352,727-824-0378,8,751
$1440.13,Computers,California,sansettkv@pcworld.com,1581,415-104-4900,23,752
$1857.04,Sports,Alabama,brutherfordkw@ibm.com,4071,256-374-1063,18,753
$2683.06,Computers,Kansas,tsantuskx@usgs.gov,2792,785-777-9772,13,754
$1407.25,Baby,California,dcarrelky@bravesites.com,1882,661-249-0110,15,755
$3899.39,Jewelry,California,cchesshyrekz@friendfeed.com,2419,213-234-9501,11,756
$4383.35,Clothing,Florida,joatesl0@weibo.com,195,954-779-1981,26,757
$3641.35,Computers,Kansas,spinnelll1@lulu.com,2033,913-193-8387,9,758
$549.44,Games,Florida,rhardil2@pagesperso-orange.fr,860,727-960-1175,16,759
$296.82,Kids,California,jbrigmanl3@bravesites.com,1830,415-729-2845,12,760
$968.41,Shoes,California,bronanl4@imgur.com,1022,831-592-9700,19,761
$4922.86,Grocery,Pennsylvania,rblackstockl5@drupal.org,3686,717-125-9097,27,762
$533.66,Games,California,hjurgenl6@amazon.co.jp,2408,714-309-1242,28,763
$3312.26,Games,California,relingtonl7@meetup.com,3039,650-922-4767,9,764
$275.17,Books,Ohio,mcardenasl8@yellowbook.com,1356,419-648-3495,7,765
$3898.67,Jewelry,Ohio,benriquesl9@wufoo.com,3474,614-103-4309,11,766
$1277.08,Jewelry,Pennsylvania,sorsmanla@go.com,576,215-594-1765,18,767
$3947.23,Automotive,Ohio,ggideonlb@usa.gov,3566,216-902-6944,20,768
$4919.52,Toys,California,shusherlc@intel.com,4685,408-550-0480,22,769
$3444.67,Tools,California,bhitterld@jugem.jp,1958,310-798-6017,10,770
$52.21,Tools,Wisconsin,jlanktreele@parallels.com,4543,262-554-1653,4,771
$2160.01,Home,Florida,bgassonlf@squarespace.com,1374,941-425-0711,4,772
$3892.38,Shoes,Ohio,jcodelg@zimbio.com,3071,330-283-4489,21,773
$2419.30,Toys,California,fdescoffierlh@elegantthemes.com,3592,626-572-1006,10,774
$1912.93,Baby,California,sgierhardli@addthis.com,3553,408-387-0051,5,775
$1650.17,Jewelry,Florida,rcooneylj@artisteer.com,4065,813-471-6811,20,776
$2614.62,Books,California,wbloxsomelk@deliciousdays.com,547,858-673-6512,25,777
$2817.81,Grocery,Florida,lforoll@usa.gov,541,352-174-2216,3,778
$2114.70,Sports,California,kmityushinlm@networksolutions.com,3400,949-384-3252,16,779
$920.28,Health,California,jschelligln@nydailynews.com,140,209-700-8308,1,780
$4297.19,Books,California,shaiselllo@state.tx.us,572,909-810-4162,12,781
$865.52,Baby,Pennsylvania,htemprelllp@usda.gov,2481,215-741-8663,17,782
$299.91,Industrial,Florida,pglencroslq@ezinearticles.com,1147,954-403-7481,10,783
$4101.61,Books,California,jjuszczaklr@umich.edu,1741,916-590-3484,10,784
$3632.30,Home,Kansas,bpeeverls@bloomberg.com,1204,913-921-6132,12,785
$1570.09,Jewelry,Florida,nshanklelt@live.com,3746,727-569-5071,8,786
$3076.55,Tools,Pennsylvania,orushbrookelu@google.co.jp,1972,412-693-7613,6,787
$3464.58,Grocery,Florida,swogdenlv@apple.com,4596,727-949-2535,2,788
$502.85,Jewelry,Florida,mvardenlw@cafepress.com,4986,941-667-2839,28,789
$930.52,Health,California,hcruselx@examiner.com,877,714-194-9382,5,790
$4379.39,Tools,Florida,iduligallly@mac.com,1358,941-887-3343,5,791
$1082.69,Jewelry,California,jgoodericklz@ycombinator.com,831,323-346-9430,12,792
$1962.60,Movies,Pennsylvania,sgresm0@biblegateway.com,4213,215-318-0858,20,793
$418.17,Automotive,Ohio,elongstreetm1@nature.com,1014,614-420-2051,25,794
$3800.16,Clothing,Alabama,mstoltem2@dailymotion.com,4028,205-800-7545,6,795
$2664.71,Sports,Ohio,eoakinfoldm3@cpanel.net,1081,614-338-8835,19,796
$1563.30,Music,Florida,ghinkleym4@amazonaws.com,2498,352-878-2399,8,797
$1147.92,Books,Pennsylvania,cdulym5@cbc.ca,1367,215-801-6780,1,798
$1119.24,Industrial,California,raugurm6@goo.ne.jp,3577,805-183-4409,9,799
$1418.99,Jewelry,Kansas,hniblom7@yolasite.com,4077,316-265-1160,19,800
$1700.84,Games,Wisconsin,fmarshalleckm8@theglobeandmail.com,2121,262-946-0851,27,801
$3340.46,Health,Florida,mstockerm9@myspace.com,3398,727-778-9375,22,802
$3268.09,Shoes,Wisconsin,rblockleyma@miibeian.gov.cn,99,414-470-8823,24,803
$2285.84,Baby,California,rshiltonmb@oaic.gov.au,1890,626-422-4374,1,804
$4012.36,Beauty,North Carolina,mgottsmc@icio.us,3031,910-449-4298,2,805
$2974.24,Sports,Florida,dcolwellmd@salon.com,3063,239-562-9340,4,806
$4965.27,Health,Wisconsin,areglarme@epa.gov,337,414-986-3025,23,807
$3276.00,Sports,Wisconsin,anesterovmf@foxnews.com,363,608-323-3081,27,808
$33.43,Automotive,California,kbiggenmg@angelfire.com,4705,559-971-5255,14,809
$4456.91,Baby,California,amatchellmh@bloomberg.com,114,626-108-7120,30,810
$2772.75,Outdoors,Florida,mheedmi@engadget.com,221,321-940-4067,28,811
$977.01,Beauty,California,dharvardmj@qq.com,3414,408-328-6726,16,812
$2138.49,Industrial,California,ccopomk@vk.com,1574,661-356-7295,2,813
$3939.09,Electronics,Florida,zbaggerml@hc360.com,1965,850-429-9548,19,814
$2489.88,Movies,Connecticut,smacdowalmm@live.com,4734,203-934-4830,24,815
$2046.58,Automotive,California,ashanklandmn@macromedia.com,4844,408-297-8259,6,816
$4636.15,Tools,California,tauburymo@accuweather.com,3140,310-855-1914,6,817
$2334.34,Computers,California,bcisnerosmp@odnoklassniki.ru,1161,714-851-3894,18,818
$2678.14,Automotive,Alabama,mconrartmq@rambler.ru,3230,205-608-0918,6,819
$1844.18,Grocery,California,npothecarymr@moonfruit.com,4027,310-542-2171,27,820
$2755.26,Tools,California,trichems@shareasale.com,777,415-224-5342,13,821
$3257.86,Electronics,Ohio,dpegdenmt@about.me,605,937-137-3230,26,822
$3747.24,Beauty,Alabama,mstranahanmu@vinaora.com,2398,205-197-8726,13,823
$432.30,Clothing,Florida,rcestardmv@apple.com,2992,305-869-8464,19,824
$2181.81,Movies,California,mbranneymw@weibo.com,1927,213-454-0754,19,825
$508.22,Outdoors,California,nhamlenmx@phoca.cz,381,213-573-3411,14,826
$3648.62,Electronics,Florida,wguideramy@google.nl,4627,407-295-5888,10,827
$4802.18,Music,California,gbeekmannmz@chronoengine.com,4937,831-977-0095,18,828
$4868.01,Movies,Florida,mdeetchn0@friendfeed.com,3665,239-957-1597,1,829
$3046.68,Electronics,California,lfearneyn1@friendfeed.com,2078,562-345-3474,9,830
$927.83,Books,Alabama,wvisickn2@wp.com,3503,256-231-3942,4,831
$647.93,Books,Florida,pkenann3@creativecommons.org,3569,561-167-0369,21,832
$4166.99,Jewelry,California,ccobbinn4@oracle.com,939,916-963-6198,28,833
$4057.35,Shoes,Pennsylvania,gloughnann5@yahoo.co.jp,13,717-785-5084,19,834
$940.66,Movies,Wisconsin,rmilnen6@typepad.com,3722,414-162-5843,7,835
$3261.11,Electronics,California,gbissekern7@bloomberg.com,3011,916-962-8980,19,836
$110.67,Outdoors,Pennsylvania,bsherrottn8@sina.com.cn,3093,484-143-3307,14,837
$1968.08,Health,California,mstevensonn9@networkadvertising.org,4133,213-338-5193,26,838
$2247.20,Music,New Jersey,rsonesna@multiply.com,4778,973-879-1129,21,839
$3701.20,Grocery,California,sgrollenb@apple.com,1235,916-927-8174,2,840
$895.87,Outdoors,Alabama,efirbanknc@homestead.com,3124,251-734-4714,24,841
$3370.29,Garden,Florida,gpiffnd@bigcartel.com,186,904-831-4967,21,842
$4054.44,Electronics,Florida,pgrogorne@harvard.edu,1014,561-707-3291,24,843
$569.07,Grocery,Pennsylvania,gklaisernf@w3.org,2564,215-517-5614,23,844
$4164.25,Sports,Florida,deburahng@disqus.com,2757,727-332-5382,30,845
$89.05,Home,California,lpointnh@over-blog.com,3628,415-697-0904,1,846
$2594.43,Health,Florida,jscullinni@icio.us,1160,786-150-2049,11,847
$4171.20,Home,North Carolina,rscarsbrookenj@nifty.com,758,336-609-1130,22,848
$2951.40,Games,North Carolina,aclintonnk@last.fm,1167,919-235-6752,5,849
$4972.00,Beauty,California,mpeasegodnl@storify.com,3520,661-917-7984,12,850
$1979.78,Home,California,dmortelnm@go.com,3847,408-719-1040,18,851
$4138.12,Grocery,California,flupartinn@nytimes.com,3930,408-882-1782,5,852
$4579.30,Kids,California,kgoltno@youtu.be,1758,707-160-3455,1,853
$4307.30,Industrial,California,ehounihannp@youku.com,2236,650-399-7811,12,854
$4544.14,Toys,Kansas,crennisonnq@ustream.tv,2848,785-659-4241,19,855
$4420.62,Outdoors,Florida,cvotiernr@newsvine.com,3506,954-312-2403,4,856
$4123.13,Toys,Florida,vfrydns@1688.com,125,954-705-9624,11,857
$2488.39,Games,Pennsylvania,jtobynt@twitpic.com,4587,412-100-7742,17,858
$3923.79,Games,Pennsylvania,acrookstonnu@amazon.de,4310,215-806-2240,16,859
$4922.16,Home,California,rstellmannv@cbsnews.com,3157,949-527-6507,5,860
$3437.23,Jewelry,Florida,cbrittonnw@istockphoto.com,2187,772-839-3498,19,861
$4775.41,Grocery,Florida,tprandoninx@last.fm,3733,904-184-9740,19,862
$3066.67,Toys,California,hbeevorny@sciencedaily.com,1909,530-940-3943,23,863
$4608.22,Baby,California,lbritiannz@hc360.com,1191,916-280-5131,11,864
$2097.81,Music,Ohio,flangthorno0@macromedia.com,4210,216-983-0687,18,865
$2434.25,Kids,California,mskelleno1@fastcompany.com,2952,510-392-6812,13,866
$1796.60,Baby,Florida,afirmagero2@bing.com,669,954-863-0570,28,867
$830.21,Industrial,North Carolina,sdanielseno3@paypal.com,3997,336-455-9441,18,868
$2808.92,Automotive,Kansas,flittlejohnso4@google.com,55,785-685-2475,8,869
$996.71,Shoes,California,vandrio5@omniture.com,2898,626-445-9868,22,870
$1528.45,Movies,California,asultanao6@time.com,456,626-178-6653,8,871
$1370.75,Clothing,Florida,rharnettyo7@cloudflare.com,3377,941-903-7557,19,872
$3512.28,Music,Ohio,sturfordo8@pinterest.com,1424,330-327-9092,7,873
$2811.07,Beauty,Florida,depdello9@newsvine.com,4815,786-654-9761,4,874
$4790.44,Electronics,Florida,afarnhilloa@fema.gov,2101,813-387-5961,16,875
$146.34,Health,Kansas,earmanob@patch.com,688,785-227-8023,4,876
$2090.18,Garden,Wisconsin,eshemeltoc@npr.org,2295,608-505-0898,26,877
$3036.72,Jewelry,Ohio,tduckod@amazon.de,3789,614-418-7024,8,878
$2958.09,Garden,California,dandrysiakoe@utexas.edu,365,213-888-2606,29,879
$4116.34,Baby,Connecticut,btweenof@cnn.com,4228,860-120-0086,26,880
$2848.50,Books,Alabama,jdrewcliftonog@usatoday.com,2175,205-845-6619,3,881
$56.33,Grocery,California,tbifieldoh@twitter.com,3664,562-168-9091,20,882
$1641.47,Automotive,Florida,abugdelloi@flavors.me,1345,772-103-5414,22,883
$659.87,Clothing,California,ncondyoj@ibm.com,80,858-963-4978,25,884
$2422.78,Jewelry,Florida,ryitzowitzok@cdc.gov,2841,727-858-0260,12,885
$190.93,Garden,Ohio,vmanusol@facebook.com,4606,614-340-5479,14,886
$653.76,Books,Florida,enajaraom@fastcompany.com,1128,386-397-1007,13,887
$2949.01,Home,California,lpeplowon@census.gov,448,408-488-9366,14,888
$4170.61,Automotive,California,dgraaloo@epa.gov,1613,530-362-4714,2,889
$447.24,Garden,California,jdodgshonop@wp.com,857,831-472-6023,12,890
$2347.77,Beauty,California,bdobelloq@quantcast.com,4737,559-733-8553,26,891
$4400.58,Shoes,Kansas,hkemshellor@alibaba.com,2581,785-571-2044,12,892
$717.67,Sports,Alabama,hasplingos@blogger.com,3915,334-868-2959,12,893
$4456.15,Outdoors,Pennsylvania,ebramot@desdev.cn,2160,267-957-7288,14,894
$385.70,Grocery,California,aseilmannou@china.com.cn,3774,310-771-5054,17,895
$4938.69,Tools,California,gfaullov@wufoo.com,4810,619-897-5934,14,896
$2366.85,Games,Florida,fjaineow@opensource.org,631,407-848-4049,1,897
$1708.91,Tools,Connecticut,mspurgeox@timesonline.co.uk,4331,860-766-6609,3,898
$3445.71,Grocery,Alabama,dlutwycheoy@barnesandnoble.com,1515,251-707-8007,28,899
$1835.30,Games,Florida,bmcmychemoz@facebook.com,424,786-752-6092,23,900
$978.95,Books,Florida,icammisp0@china.com.cn,1371,813-494-6165,19,901
$4165.23,Outdoors,California,wliptrodp1@cloudflare.com,1229,619-767-7727,15,902
$2123.13,Baby,California,jludlemp2@nih.gov,3814,619-569-8306,2,903
$239.93,Kids,California,lsinyardp3@slate.com,1056,916-479-5132,12,904
$776.26,Kids,North Carolina,gshirtcliffep4@acquirethisname.com,4741,919-730-3338,9,905
$287.63,Kids,Ohio,scastlep5@blogger.com,1846,216-900-8664,17,906
$4704.58,Clothing,California,lfoulserp6@stanford.edu,2386,626-285-8322,19,907
$2872.04,Clothing,Connecticut,dshawleyp7@reddit.com,3749,860-210-4791,23,908
$4137.93,Kids,Florida,ehitscherp8@indiatimes.com,3815,754-327-2888,5,909
$2329.40,Games,North Carolina,jlufkinp9@latimes.com,4909,919-147-4146,22,910
$3156.19,Industrial,North Carolina,dmccorleypa@wikia.com,2133,336-181-9039,19,911
$126.18,Home,California,iflellopb@nydailynews.com,1655,209-829-4358,11,912
$375.80,Games,Ohio,fescoffreypc@tinyurl.com,1201,330-376-3258,27,913
$4419.60,Kids,Pennsylvania,awimbushpd@usa.gov,3530,814-649-2845,12,914
$3881.17,Kids,California,nchurchwardpe@unesco.org,3009,916-377-2586,23,915
$3635.74,Music,Florida,hsycepf@multiply.com,4256,407-378-7852,16,916
$2695.73,Industrial,California,kcashpg@zdnet.com,199,310-503-5751,15,917
$3888.82,Baby,Kansas,rcreeberph@cargocollective.com,741,316-259-7907,21,918
$1443.73,Jewelry,Florida,selcombpi@cpanel.net,2785,352-490-5075,12,919
$3487.39,Games,California,snannettipj@ebay.co.uk,1600,626-897-5300,6,920
$2693.48,Beauty,California,sleattpk@xinhuanet.com,3029,408-115-4553,23,921
$4749.69,Beauty,Florida,jmullochpl@reddit.com,1034,239-252-6916,23,922
$4824.12,Jewelry,California,mogilvypm@discuz.net,3739,415-283-1464,2,923
$4240.66,Computers,Florida,glomanseypn@zdnet.com,1662,786-552-1819,20,924
$2430.67,Home,Pennsylvania,fbasleypo@economist.com,4892,814-167-2421,5,925
$1810.59,Outdoors,New Jersey,mtwiggpp@w3.org,2484,862-198-8634,16,926
$841.82,Industrial,Alabama,jlambertciorwynpq@dailymail.co.uk,1477,256-488-5808,2,927
$4401.47,Home,Pennsylvania,hrannerpr@ehow.com,3115,412-816-2047,11,928
$3566.88,Beauty,Alabama,rmiklemps@house.gov,3279,205-282-9177,30,929
$4015.99,Movies,Pennsylvania,ssattinpt@unblog.fr,2292,267-831-3706,26,930
$2066.85,Movies,California,lgrinnovpu@addtoany.com,2850,415-216-9396,23,931
$1800.27,Health,California,finsworthpv@wufoo.com,4307,818-750-1235,26,932
$2890.49,Computers,Ohio,ssnowdonpw@csmonitor.com,607,513-877-8012,8,933
$3591.38,Industrial,Florida,rfairlambpx@domainmarket.com,2364,850-645-9909,22,934
$954.30,Health,Pennsylvania,dcluespy@jigsy.com,2611,570-975-9912,8,935
$812.17,Beauty,California,cbeeseypz@4shared.com,3919,714-644-9664,2,936
$3805.18,Sports,Ohio,jvasiliuq0@eepurl.com,2377,937-639-0441,27,937
$3739.80,Health,New Jersey,jduplanq1@xrea.com,2257,856-916-1242,14,938
$3105.78,Industrial,Wisconsin,oallibanq2@nyu.edu,3842,608-153-8235,8,939
$4775.96,Industrial,California,lgeramq3@github.io,4583,408-115-3178,16,940
$167.72,Beauty,Ohio,srowdellq4@issuu.com,3123,614-613-9807,16,941
$3729.46,Movies,California,jchiversq5@google.co.uk,3929,562-858-0145,9,942
$3206.07,Sports,California,nkelsallq6@about.com,474,805-802-3421,24,943
$4648.12,Computers,Ohio,jgeorgq7@hatena.ne.jp,4550,513-540-1392,20,944
$3499.89,Sports,Florida,mingolottiq8@sogou.com,2912,305-608-1865,3,945
$1529.55,Games,Pennsylvania,tgravesq9@google.nl,3679,412-934-6857,30,946
$135.39,Sports,California,ahuelinqa@forbes.com,4548,415-115-1998,13,947
$2465.28,Shoes,New Jersey,lderxqb@ocn.ne.jp,3069,862-318-5618,20,948
$4283.02,Games,Florida,sdemichettiqc@themeforest.net,1810,850-717-8797,14,949
$1244.42,Home,California,dhymanqd@netvibes.com,2540,619-674-5076,9,950
$7.93,Games,California,mgatchqe@jalbum.net,2016,415-424-3551,7,951
$218.12,Tools,California,jbrandoqf@quantcast.com,3361,209-877-4256,22,952
$2280.49,Electronics,Alabama,sstoddartqg@apache.org,2461,334-325-8101,6,953
$3471.30,Garden,California,tnewhamqh@bing.com,4689,916-905-9266,18,954
$1530.23,Automotive,Pennsylvania,kbartosiakqi@xrea.com,2841,215-832-1885,12,955
$2621.38,Jewelry,California,cwanlessqj@latimes.com,2964,650-114-2010,2,956
$4994.29,Computers,Alabama,smayberryqk@netlog.com,1089,205-141-8567,4,957
$2108.55,Home,California,icoatql@dailymail.co.uk,2311,619-573-3659,5,958
$3387.60,Outdoors,Florida,rsabaterqm@baidu.com,4573,786-519-7828,21,959
$3032.87,Sports,California,bcostelloqn@1688.com,3346,424-722-6110,7,960
$3249.77,Sports,North Carolina,lbrockleyqo@pcworld.com,3317,828-363-9264,13,961
$2622.64,Books,Florida,vgoodspeedqp@independent.co.uk,791,904-176-5978,10,962
$4638.41,Computers,Alabama,rellicockqq@moonfruit.com,2244,334-784-6205,27,963
$120.99,Shoes,Wisconsin,aluchettiqr@marriott.com,4392,608-440-0591,14,964
$659.77,Toys,Florida,ggrzelewskiqs@wisc.edu,1278,386-629-2849,29,965
$3275.16,Jewelry,California,bwellwoodqt@weather.com,954,714-525-8311,23,966
$49.85,Music,Alabama,kferenczqu@themeforest.net,11,251-897-6832,7,967
$2339.85,Books,California,croelofsqv@chronoengine.com,1574,213-139-2030,8,968
$3042.54,Health,Ohio,dobrianqw@mit.edu,4069,937-212-5498,10,969
$4821.28,Automotive,Ohio,cgoundsyqx@abc.net.au,4370,937-206-6944,21,970
$3735.69,Clothing,Pennsylvania,mbladgeqy@deviantart.com,41,724-256-4227,18,971
$4594.24,Jewelry,Pennsylvania,brehmqz@omniture.com,2119,412-931-1137,13,972
$3305.18,Jewelry,Alabama,misacssonr0@ucoz.ru,428,251-457-4613,24,973
$2274.08,Tools,Ohio,wsarrellr1@ask.com,1929,513-387-4245,15,974
$4688.86,Industrial,California,smcmanamenr2@networksolutions.com,3667,619-959-3680,8,975
$4901.69,Games,California,sfardonr3@hud.gov,3912,650-710-0274,30,976
$4113.45,Movies,California,omoizerr4@pinterest.com,3581,916-252-2579,5,977
$4495.25,Computers,Florida,boenr5@engadget.com,1632,850-418-9160,10,978
$2096.75,Sports,Florida,esmailsr6@aboutads.info,4814,941-886-6281,4,979
$2198.39,Baby,Pennsylvania,slestranger7@4shared.com,3904,215-157-3403,2,980
$4395.21,Kids,Alabama,rcussr8@cnn.com,4484,334-479-2219,21,981
$2549.10,Health,Florida,eboyfieldr9@discuz.net,4561,772-251-1597,7,982
$1874.53,Jewelry,North Carolina,bgirthra@goodreads.com,1560,704-174-2364,9,983
$2775.08,Industrial,Florida,eburvillrb@ehow.com,3346,954-810-5532,30,984
$1870.81,Music,Ohio,nbillinrc@skyrock.com,4927,937-830-7924,16,985
$4066.96,Health,Alabama,abarefordrd@bizjournals.com,668,251-748-1393,18,986
$61.69,Automotive,Pennsylvania,mthorndycraftre@xrea.com,3152,412-844-3405,24,987
$4528.21,Health,Florida,sarprf@wiley.com,4222,352-257-9624,28,988
$3783.18,Music,Florida,dwhittyrg@sphinn.com,153,407-317-9855,17,989
$4415.25,Industrial,Connecticut,nmosconirh@e-recht24.de,546,860-685-9024,5,990
$1631.58,Sports,Pennsylvania,cbrockherstri@wisc.edu,2775,814-630-1107,24,991
$3695.11,Shoes,California,lpierrorj@gov.uk,1372,916-516-1563,24,992
$3904.14,Outdoors,Alabama,jfumagallork@nature.com,4584,205-316-5723,15,993
$2800.57,Home,Pennsylvania,scantorrl@usatoday.com,4566,412-567-5738,30,994
$4695.66,Grocery,California,ktweenrm@wikispaces.com,2056,619-907-8838,30,995
$2770.56,Shoes,North Carolina,vsunterrn@ucsd.edu,1566,704-731-1130,5,996
$1015.50,Tools,North Carolina,gsloatro@huffingtonpost.com,1679,704-792-6151,1,997
$1340.62,Grocery,California,areamesrp@istockphoto.com,42,415-682-6104,6,998
$3662.20,Sports,Ohio,gbarkworthrq@ustream.tv,1538,513-924-8457,27,999
$3066.82,Kids,Florida,ifelderrr@devhub.com,3464,772-912-0733,16,1000
